 Antioxidant HydraMist 5.1 oz,$45.00/ea
,
 BioLumin-C Eye Serum .5 oz,$70.00/ea
,
 Circular Serum,$65.00/ea
,
 Circular serum and intensive moisturizer,$102.00/ea
,
 Daily Glycolic Cleanser 10 oz,$55.00/ea
,
 Half Pack 6 SPECIAL,$575.00/ea
,
 Hyaluronic Ceramide Mist 5.1 oz,$45.00/ea
,
 Intensive Moisture Balance 1.7 oz,$45.00/ea
,
 Multi-Active Toner 8.4 oz,$40.00/ea
,
 Oxigenating Cream,Variable
,
 Phyto Oxygen,$125.00/ea
,
 Skin Resurfacing Cleanser 5.1 oz,$25.00/ea
,
 Skin Smoothing Cream 1.7 oz,$45.00/ea
